CourseID,Course Name
ISCI225,Integrated Science III and Lab
MATH125,Calculus II
MATH225,Calculus III
MATH321,Differential Equations
MATH381,Introduction to Probability and Statistics
MATH481,Probability and Statistics
BME101,Introduction to Biomedical Engineering
CSC170,Programming for Engineering & Science
PHYS211,Physics I
BME214,Statics
BME232,Property of Materials
CHEM326,Organic Chemistry I and Lab
CHEM328,Organic Chemistry II and Lab
CHEM330,Structure Function Biomolecules
BME301,Engineering Economics
BME300,Quantitative Systems Physiology I
BME302,Quantitative Systems Physiology II
BME335,Biomedical Technologies
BME303,Introduction to Biomechanics
BME304,Biomedical Eng. Fluid Mechanics
BME305,Biomedical Eng. Transport Phenomena
BME306,Biomedical Eng. Thermodynamics
BME401,Biomaterials
BME401,Biomaterials
BME463L,Biomedical Engineering Lab
BME464,Senior Design I
BME465,Senior Design II
BME307,Experimental Design
BME308,Biomedical Engineering for Global Health
BME402,Computational Biomedical Engineering
BME404,Biomedical Signal and Imaging
BME405,Cell and Tissue Engineering
BME425,Medical Product Development
BME450,Regulatory Pathways in Medical Prod. Dev.
BME586,Immuno-Engineering
BME408,Biomedical Engineering
BME528,Applied Finite Element Analysis/Lab
BME606,Occupational Biomechanics
EE301,"Intro Circuits, Machines and Systems/Lab"
